id,nombre,lineamientos,municipio_id,fechaDeCreacion,estatutos,color,partidoActivo,activo,usercreated,usermodifed,created_at,updated_at
102,Popular Colombiano - Movimiento Nacional C,NA,NA,NA,NA,NA,0,1,NA,NA,1900-01-00 00:19:23.6,1900-01-00 00:46:22.0
27,Movimiento Ciudadano,NA,NA,NA,NA,NA,0,1,NA,NA,1900-01-00 00:19:23.3,1900-01-00 00:01:42.2
32,Movimiento Comunitario,NA,NA,NA,NA,NA,0,1,NA,NA,1900-01-00 00:19:23.3,1900-01-00 00:01:43.2
57,Movimiento 98,NA,NA,NA,NA,NA,0,1,NA,NA,1900-01-00 00:19:23.5,1900-01-00 00:01:41.0
59,Movimiento Bolivariano,NA,NA,NA,NA,NA,0,1,NA,NA,1900-01-00 00:19:23.5,1900-01-00 00:01:42.1
65,Movimiento Conservatismo,NA,NA,NA,NA,NA,0,1,NA,NA,1900-01-00 00:19:23.5,1900-01-00 00:01:43.3
100,Nacional Cristiano,NA,NA,NA,NA,NA,0,1,NA,NA,1900-01-00 00:19:23.6,1900-01-00 00:29:26.0
70,Movimiento Humbertista,NA,NA,NA,NA,NA,0,1,NA,NA,1900-01-00 00:19:23.5,1900-01-00 00:01:45.7
74,Movimiento Nacional Conservador,NA,NA,NA,NA,NA,0,1,NA,NA,1900-01-00 00:19:23.5,1900-01-00 00:01:46.2
75,Movimiento Nacional Conservador - Alianza Nacional,NA,NA,NA,NA,NA,0,1,NA,NA,1900-01-00 00:19:23.5,1900-01-00 00:01:46.3
53,Coalición,NA,NA,NA,NA,NA,0,1,NA,NA,1900-01-00 00:19:23.5,1900-01-00 00:21:11.3
55,"Educación, Trabajo y Cambio Social",NA,NA,NA,NA,NA,0,1,NA,NA,1900-01-00 00:19:23.5,1900-01-00 00:21:45.8
54,Coalición Partido Liberal Colombiano,NA,NA,NA,NA,NA,0,1,NA,NA,1900-01-00 00:19:23.5,1900-01-00 00:21:26.5
73,Movimiento Nacional,NA,NA,NA,NA,NA,0,1,NA,NA,1900-01-00 00:19:23.5,1900-01-00 00:29:43.0
60,Movimiento Cívico Independiente - Cpc-Movimiento D,NA,NA,NA,NA,NA,0,1,NA,NA,1900-01-00 00:19:23.5,1900-01-00 00:07:37.9
76,Movimiento Nacional Conservador - Partido Conservador,NA,NA,NA,NA,NA,0,1,NA,NA,1900-01-00 00:19:23.5,1900-01-00 00:08:52.3
77,Movimiento Nacional Conservador-Partido Conservador,NA,NA,NA,NA,NA,0,1,NA,NA,1900-01-00 00:19:23.5,1900-01-00 00:09:05.0
79,Movimiento Nueva Fuerza Democrática/Conservador,NA,NA,NA,NA,NA,0,1,NA,NA,1900-01-00 00:19:23.6,1900-01-00 00:09:22.3
83,Movimiento Político Laicos por Colombia,NA,NA,NA,NA,NA,0,1,NA,NA,1900-01-00 00:19:23.6,1900-01-00 00:03:17.4
45,Movimiento Unionista,NA,NA,NA,NA,NA,0,1,NA,NA,1900-01-00 00:19:23.4,1900-01-00 00:36:42.2
86,Otras Organizaciones,NA,NA,NA,NA,NA,0,1,NA,NA,1900-01-00 00:19:23.6,1900-01-00 00:01:48.7
87,Otros Partidos O Movimientos.,NA,NA,NA,NA,NA,0,1,NA,NA,1900-01-00 00:19:23.6,1900-01-00 00:01:48.8
52,Asi-Mci-Ca Mockus,NA,NA,NA,NA,NA,0,1,NA,NA,1900-01-00 00:19:23.4,1900-01-00 00:32:06.0
58,Alternativa de Avance Social Alas,NA,NA,NA,NA,NA,0,1,NA,NA,1900-01-00 00:19:23.5,1900-01-00 00:43:19.6
37,Equipo Colombia,NA,NA,NA,NA,NA,0,1,NA,NA,1900-01-00 00:19:23.4,1900-01-00 00:04:07.7
41,Movimiento Nueva Fuerza Democrática,NA,NA,NA,NA,NA,0,1,NA,NA,1900-01-00 00:19:23.4,1900-01-00 00:47:00.8
90,Conservador Colombiano- Movimiento Fuerza,NA,NA,NA,NA,NA,0,1,NA,NA,1900-01-00 00:19:23.6,1900-01-00 00:25:45.3
81,Movimiento Político Ciudadanos por Boyacá,NA,NA,NA,NA,NA,0,1,NA,NA,1900-01-00 00:19:23.6,1900-01-00 00:51:24.4
93,Conservador Colombiano-Pop.Col,NA,NA,NA,NA,NA,0,1,NA,NA,1900-01-00 00:19:23.6,1900-01-00 00:26:40.3
95,Liberal - Compromiso Ciudadano,NA,NA,NA,NA,NA,0,1,NA,NA,1900-01-00 00:19:23.6,1900-01-00 00:31:00.2
96,Liberal - Movimiento Lider,NA,NA,NA,NA,NA,0,1,NA,NA,1900-01-00 00:19:23.6,1900-01-00 00:31:15.9
97,Liberal Colombiano - Conservador C,NA,NA,NA,NA,NA,0,1,NA,NA,1900-01-00 00:19:23.6,1900-01-00 00:37:51.0
99,Liberal Colombiano-Partido Conservador Col,NA,NA,NA,NA,NA,0,1,NA,NA,1900-01-00 00:19:23.6,1900-01-00 00:40:08.0
48,Polo Democrático Independiente,NA,NA,01/07/2003,NA,NA,0,1,NA,NA,1900-01-00 00:19:23.4,1900-01-00 00:16:36.1
36,Dejen Jugar Al Moreno,NA,NA,NA,NA,NA,0,1,NA,NA,1900-01-00 00:19:23.4,1900-01-00 00:59:03.3
25,Alternativa Democrática,NA,NA,NA,NA,NA,0,1,NA,NA,1900-01-00 00:19:23.3,1900-01-00 00:46:58.8
78,Nueva Colombia,NA,NA,NA,NA,NA,0,1,NA,NA,1900-01-00 00:19:23.6,1900-01-00 00:54:21.4
39,Huella Ciudadana,NA,NA,NA,NA,NA,0,1,NA,NA,1900-01-00 00:19:23.4,1900-01-00 00:32:55.3
47,Voluntad Popular,NA,NA,NA,NA,NA,0,1,NA,NA,1900-01-00 00:19:23.4,1900-01-00 00:42:23.9
46,Vía Alterna,NA,NA,NA,NA,NA,0,1,NA,NA,1900-01-00 00:19:23.4,1900-01-00 00:16:30.3
40,Movimiento Nacional Progresista,NA,NA,NA,NA,NA,0,1,NA,NA,1900-01-00 00:19:23.4,1900-01-00 00:26:19.3
106,Somos Colombia - Coalición,NA,NA,NA,NA,NA,0,1,NA,NA,1900-01-00 00:19:23.7,1900-01-00 00:12:45.2
103,Vanguardia Moral y Social Vamos Colombia,NA,NA,NA,NA,NA,0,1,NA,NA,1900-01-00 00:19:23.6,1900-01-00 00:18:23.3
20,Movimiento Nacional Progresista (e),NA,NA,NA,NA,NA,0,1,NA,NA,1900-01-00 00:40:03.7,1900-01-00 00:26:45.9
28,Movimiento Cívico Independiente,NA,NA,01/06/1998,NA,NA,0,1,NA,NA,1900-01-00 00:19:23.3,1900-01-00 00:28:51.1
113,Huila Nuevo y Liberalismo,NA,NA,NA,NA,NA,0,1,NA,NA,1900-01-00 00:19:23.7,1900-01-00 00:56:17.6
61,Movimiento Cívico Seriedad por Colombia,NA,NA,NA,NA,NA,0,1,NA,NA,1900-01-00 00:19:23.5,1900-01-00 00:56:24.6
166,Corporación Afroétnicos,NA,NA,NA,NA,NA,0,1,NA,NA,1900-01-00 00:32:13.1,1900-01-00 00:14:59.3
38,Fuerza Progresista,NA,NA,NA,NA,NA,0,1,NA,NA,1900-01-00 00:19:23.4,1900-01-00 00:30:49.7
50,Unidad Democrática,NA,NA,NA,NA,NA,0,1,NA,NA,1900-01-00 00:19:23.4,1900-01-00 00:37:56.0
49,Partido Popular Colombiano,NA,NA,NA,NA,NA,0,1,NA,NA,1900-01-00 00:19:23.4,1900-01-00 00:38:01.4
69,Movimiento Defensa Ciudadana,NA,NA,NA,NA,NA,0,1,NA,NA,1900-01-00 00:19:23.5,1900-01-00 00:43:02.0
72,MIPOL - Movimiento Integración Popular,NA,NA,NA,NA,NA,0,1,NA,NA,1900-01-00 00:19:23.5,1900-01-00 00:37:03.5
80,MPC - Movimiento Participación Comunitaria,NA,NA,NA,NA,NA,0,1,NA,NA,1900-01-00 00:19:23.6,1900-01-00 00:37:30.3
101,PNC Partido Nacional Cristiano,NA,NA,NA,NA,NA,0,1,NA,NA,1900-01-00 00:19:23.6,1900-01-00 00:43:14.9
56,Movimiento Independiente Frente de Esperanza,NA,NA,NA,NA,NA,0,1,NA,NA,1900-01-00 00:19:23.5,1900-01-00 00:42:08.4
236,Cuenca del Río Iscuandé,NA,NA,NA,NA,NA,0,1,NA,NA,1900-01-00 00:51:13.1,1900-01-00 00:50:12.3
226,CVUBC - Consejo Comunitario Veredas Unidas Un Bien Común,NA,NA,NA,NA,NA,0,1,NA,NA,1900-01-00 00:22:18.8,1900-01-00 00:50:14.7
216,FAP- Fundación Amor y Paz,NA,NA,NA,NA,NA,0,1,NA,NA,1900-01-00 00:34:29.1,1900-01-00 00:50:22.4
34,Movimiento de Participación Popular,"Es un movimiento pol&iacute;tico, democr&aacute;tico, participativo, pluralista, aut&oacute;nomo e independiente con sus puertas abiertas a todos los ciudadanos que propendan por el bien com&uacute;n, la paz y el progreso. Defiende la unidad nacional y busca la armon&iacute;a de los poderes, de los espacios territoriales, la interacci&oacute;n de los variados elementos sociales &eacute;tnicos y culturales. Rechaza toda clase de opresi&oacute;n colonialismo, dictadura, discriminaci&oacute;n pol&iacute;tica, religiosa, racial, sexual, cultural y social. Comprometido con la dignificaci&oacute;n del hombre y la mujer, en procura de instaurar el bien com&uacute;n a fin de construir una sociedad igualitaria, equitativa y solidaria, fundada en la pr&aacute;ctica de una nueva democracia directa, humanista y participativa. Proclama, defiende y difunde los Derechos Humanos como fundamento insustituible de la convivencia pac&iacute;fica de sus copartidarios. Procura la b&uacute;squeda de un orden justo con fundamento en el Estado de Derecho y el respeto y acatamiento a la autoridad leg&iacute;timamente constituida. Busca la igualdad de oportunidades econ&oacute;micas, sociales y culturales de todos los ciudadanos (as), protecci&oacute;n a los desvalidos, marginados, ni&ntilde;os (as), j&oacute;venes, ancianos (as), ind&iacute;genas, campesinos y colonos. Respeta los principios de la convivencia pac&iacute;fica internacional y promueve de manera especial la nueva cultura de la integraci&oacute;n latinoamericana.",NA,03/07/1997,NA,NA,0,1,NA,NA,1900-01-00 00:19:23.4,1900-01-00 00:44:15.0
7,Alas Equipo Colombia,"1. Pol&igrave;tico:&nbsp;Reiteran &nbsp;el compromiso por garantizar la presencia de instituciones capaces de brindar la seguridad y consolidaci&oacute;n del Estado Social de Derecho, a trav&eacute;s de los bienes y servicios b&aacute;sicos como la educaci&oacute;n, salud y el acceso al agua potable y la energ&iacute;a, para que lleguen realmente a quienes los necesitan en cantidad y calidad suficientes. Defensores de una econom&iacute;a social de mercado, el liderazgo de sus dirigentes constituye una alternativa para impulsar una nueva relaci&oacute;n entre el Estado y la sociedad, basada en la presencia de instituciones pol&iacute;ticas democr&aacute;ticas y leg&iacute;timas, una administraci&oacute;n p&uacute;blica eficiente y responsable, comprometidas en la defensa de los derechos humanos y con una eficaz regulaci&oacute;n publica de los mercados. 2. Econ&oacute;mico: Las nuevas y mejores oportunidades de empleo deber&aacute;n surgir de una estrategia integral que consulte las necesidades de educaci&oacute;n y capacitaci&oacute;n del recurso humano, la emergencia de nuevas formas de organizaci&oacute;n econ&oacute;mica a nivel local y regional y la efectiva inserci&oacute;n a los mercados internacionales. En la medida en que Colombia logre una mayor presencia de sus exportaciones en los mercados externos y canalizar mayores inversiones provenientes del exterior, el crecimiento econ&oacute;mico sostenido se constituir&aacute; en el garante de las crecientes oportunidades de empleo, y de esta forma podr&iacute;a responder a una de sus necesidades m&aacute;s sentidas en materia de desarrollo social, combatir el desempleo.&nbsp;&nbsp;&nbsp;&nbsp;&nbsp;&nbsp;3. Seguridad: promotor de todas aquellas iniciativas orientadas a aumentar la confianza acerca de las posibilidades de superaci&oacute;n del conflicto, que con Mano Firme cree las condiciones adecuadas para avanzar hacia los escenarios finales de b&uacute;squeda de la paz por la v&iacute;a negociada. Conscientes de las debilidades que representa la construcci&oacute;n de la paz en medio de la pobreza y la exclusi&oacute;n, se compromete en un acompa&ntilde;amiento a la Pol&iacute;tica de Seguridad Democr&aacute;tica a trav&eacute;s de la formulaci&oacute;n de nuevas y m&aacute;s sugerentes alternativas para su consolidaci&oacute;n, seguros de la necesidad de avanzar hacia a otros ordenes, como lo son el de mas seguridad civil y ciudadana, m&aacute;s seguridad social y m&aacute;s seguridad jur&iacute;dica. 4. Social: <br />Mayor oportunidad para comunidades y en unas ejecutorias pol&iacute;ticas en el marco de los derechos sociales, econ&oacute;micos y culturales. En este sentido, en el car&aacute;cter de movimiento representativo, estrechar en mayor medida los v&iacute;nculos con las comunidades haci&eacute;ndolas protagonistas de su propio desarrollo es la clave de la transformaci&oacute;n social y pol&iacute;tica que requiere el pa&iacute;s. Adem&aacute;s,&nbsp;combatir los escenarios de injusticia e inequidad social. Velar por la configuraci&oacute;n de un sistema de salud que con el concurso de los agentes p&uacute;blicos y privados opere de manera arm&oacute;nica y coherente, ampl&iacute;e la cobertura y preste un servicio de calidad. Brindar apoyo a las instituciones educativas, p&uacute;blicas y privadas, para promover y consolidar la educaci&oacute;n no formal.<br /><br /><p>&nbsp;</p>",NA,14/12/2005,NA,NA,0,1,NA,NA,1900-01-00 00:17:54.0,1900-01-00 00:19:38.3
107,Por el País que Soñamos,"<p>1. Ni&ntilde;os - Ni&ntilde;aS y procreaci&oacute;n responsable: Nuestra m&aacute;xima prioridad es la felicidad de nuestros ni&ntilde;os y ni&ntilde;as. Para ello lo primero que necesitamos es que sean deseados, amados y abrazados por sus padres. La procreaci&oacute;n responsable debe ser una meta prioritaria del Estado y para lograrla por ejemplo hay que ofrecer todos los medios de control natal de manera gratuita. 2. Vivienda y reforma urbana: Promoveremos una Reforma Urbana para resolver de manera digna la necesidad de vivienda de los hogares colombianos. Es indispensable construir grandes bancos de tierra estatales alrededor de las ciudades.3. Empleo: Promoveremos legislaci&oacute;n que favorezca la contrataci&oacute;n con grupos asociativos de madres cabeza de hogar y tambi&eacute;n apoyaremos pol&iacute;ticas industriales en sectores estrat&eacute;gicos. Apoyaremos aquello que favorezca la inversi&oacute;n privada generadora de empleo.&nbsp;4. Seguridad urbana: &nbsp;La seguridad democr&aacute;tica debe mantenerse, pero ahora es urgente la seguridad urbana. Hoy casi todos los delitos que afectan al ciudadano son excarcelables. Se requieren reformas penales y un mayor n&uacute;mero de polic&iacute;as con mayores recursos t&eacute;cnicos.</p><p align=""left"">5. Espacio P&uacute;blico: Consideran importante promover que las ciudades construyan, optimicen y recuperen sus espacios p&uacute;blicos, con la calidad requerida para lograr urbes m&aacute;s humanas. <br />El ser humano responde de la manera como es tratado, si la ciudad es agresiva, es agresivo; si es respetuosa y amable, &eacute;l se comporta de la misma manera. 6. Transporte urbano:&nbsp;Buscan &nbsp;informar sobre las mejores opciones de sistemas de transporte urbano masivo e incentivar el uso de sistemas alternativos como la bicicleta, porque si conocemos nuestra realidad y encontramos alternativas que se ajusten a ella, podremos vivir como queremos.7. Gesti&oacute;n urbana: Promueven que las ciudades se doten con instrumentos efectivos para regular e intervenir el mercado del suelo, de modo que las inversiones p&uacute;blicas y privadas contribuyan a construir ordenadamente los sue&ntilde;os colectivos, porque no se trata solamente de dotar de servicios y pavimento a los desarrollos ilegales. Es indispensable incorporarles elementos que construyan calidad de vida: parques, plazas y otros espacios peatonales; centros deportivos, andenes, bibliotecas y centros culturales. 8. Educaci&oacute;n: Quieren&nbsp;encontrar y dar a conocer alternativas para elevar la calidad, infraestructura f&iacute;sica y cobertura del sistema escolar al que acceden los ni&ntilde;os de escasos recursos econ&oacute;micos, que les permitan desarrollar sus destrezas, les facilitan el aprendizaje y aprendan a convivir</p>",NA,04/07/2002,NA,NA,0,1,NA,NA,1900-01-00 00:19:23.7,1900-01-00 00:08:06.4
98,Liberal Colombiano - Unión Patriótica,NA,NA,NA,NA,NA,0,1,NA,NA,1900-01-00 00:19:23.6,1900-01-00 00:16:05.1
105,Verde-Oxígeno,NA,NA,NA,NA,NA,0,1,NA,NA,1900-01-00 00:19:23.7,1900-01-00 00:28:00.9
137,Sin Corrupción Colombia Liberal,NA,NA,NA,NA,NA,0,1,NA,NA,1900-01-00 00:27:13.9,1900-01-00 00:27:13.9
111,Acción Social,NA,NA,NA,NA,NA,0,1,NA,NA,1900-01-00 00:19:23.7,1900-01-00 00:46:59.5
17,Movimiento Apertura Liberal,NA,Norte de Santander,26/02/2010,NA,Norte de Santander,0,1,NA,NA,1900-01-00 00:39:29.1,1900-01-00 00:48:08.4
85,(2006) Movimiento Únete Colombia,NA,NA,NA,NA,NA,0,1,NA,NA,1900-01-00 00:19:23.6,1900-01-00 00:29:02.0
122,Compromiso Ciudadano por Colombia,NA,NA,NA,NA,NA,0,1,NA,NA,1900-01-00 00:44:24.5,1900-01-00 00:00:51.0
23,Alianza Democrática M-19,NA,Proceso de Paz durante el gobierno Barco,01/01/1990,NA,Proceso de Paz durante el gobierno Barco,0,1,NA,NA,1900-01-00 00:19:23.1,1900-01-00 00:49:14.4
62,Movimiento Colombia Mi País,NA,NA,NA,NA,NA,0,1,NA,NA,1900-01-00 00:19:23.5,1900-01-00 00:40:31.1
67,Movimiento Convergencia Popular Cívica,NA,NA,NA,NA,NA,0,1,NA,NA,1900-01-00 00:19:23.5,1900-01-00 00:42:32.4
167,Corporación Indígena Yanacona,NA,NA,NA,NA,NA,0,1,NA,NA,1900-01-00 00:33:59.1,1900-01-00 00:15:03.8
160,Asoconegua,NA,NA,NA,NA,NA,0,1,NA,NA,1900-01-00 00:03:16.4,1900-01-00 00:12:30.6
168,Corporación Nelson Mandela Cormandela,NA,NA,NA,NA,NA,0,1,NA,NA,1900-01-00 00:37:56.2,1900-01-00 00:15:09.0
194,"Funsoproesat - Fundación para el Progreso Caribeño de Santa Catalina de Alejandría, Bolívar",NA,NA,NA,NA,NA,0,1,NA,NA,1900-01-00 00:52:30.1,1900-01-00 00:34:12.7
94,PSD Partido del Socialismo Democrático,NA,NA,NA,NA,NA,0,1,NA,NA,1900-01-00 00:19:23.6,1900-01-00 00:43:05.8
169,Corporación Poder Ciudadano,NA,NA,NA,NA,NA,0,1,NA,NA,1900-01-00 00:42:37.3,1900-01-00 00:32:41.9
237,Fundación Renacer para Todos,NA,NA,NA,NA,NA,0,1,NA,NA,1900-01-00 00:11:54.1,1900-01-00 00:51:27.7
218,Fundalabor - Fundación Laborar por Colombia,NA,NA,NA,NA,NA,0,1,NA,NA,1900-01-00 00:46:23.9,1900-01-00 00:51:34.7
222,Fundevia - Fundación Deportiva Viáfara,NA,NA,NA,NA,NA,0,1,NA,NA,1900-01-00 00:45:25.3,1900-01-00 00:51:37.9
108,Visionarios Con Antanas Mockus,"1. Coherencia entre fines y m&eacute;todos: Plantearse fines nobles es algo muy importante. Pero de la misma manera es importante ser rigurosos con los caminos que recorremos para conseguirlos. Ser visionario es ser legal y no permitirse conseguir los objetivos a cualquier costo. Tenemos que vencer la cultura del atajo, el &ldquo;todo vale&rdquo; y el facilismo. 2. La cultura es importante y es transformable: La ley y la conciencia moral son elementos importantes para la vida humana en comunidad. No obstante ellas solas no son suficientes. La cultura, entendida como el conjunto de reglas sociales y costumbres compartidas, tambi&eacute;n es importante. Muchos de los problemas de nuestra sociedad tienen como fuente, costumbres inadecuadas que se encuentran muy arraigadas en algunos grupos sociales. Ser visionario es reconocer el valor de la cultura como pilar de la sociedad y de la educaci&oacute;n como medio para su formaci&oacute;n. La cultura tambi&eacute;n es transformable: Algunas personas creen que no es posible hacer cambios deliberados e intencionales de la cultura. No obstante, el proceso de transformaci&oacute;n vivido en Bogot&aacute; en los &uacute;ltimos 12 a&ntilde;os muestra lo contrario; por medio de la pedagog&iacute;a y de la toma de conciencia es posible cambiar costumbres problem&aacute;ticas. Ser visionario es reconocer la posibilidad de un mejor horizonte social y tener la capacidad y la decisi&oacute;n de cambiar h&aacute;bitos que nos hacen da&ntilde;o como sociedad. 3. La transformaci&oacute;n de la cultura debe tener como horizonte y camino la Constituci&oacute;n: Vivimos en un pa&iacute;s diverso, rico en universos culturales. La Constituci&oacute;n Pol&iacute;tica de Colombia es la plataforma sobre la cual esos diversos universos culturales se encuentran; es su horizonte de comuni&oacute;n, pues es un proyecto que nos une en medio de nuestra diversidad. Ser visionario es reconocer el importante papel de la Constituci&oacute;n, respetarla y entender las posibilidades que nos ofrece, as&iacute; como rechazar aquellos comportamientos que no se ajustan a ella, por que entendemos que esos actos afectan el bienestar presente y futuro de la comunidad colombiana. 4. Democracia deliberativa y expresiva: Es importante creer en la comunicaci&oacute;n y en la discusi&oacute;n, porque los seres humanos somos seres fundamentalmente comunicativos. Es importante aprender a reconocer los buenos argumentos, as&iacute; como aprender a comprender a los dem&aacute;s; entender sus puntos de vista pero tambi&eacute;n sus sentimientos y emociones. La democracia no es s&oacute;lo tener la capacidad para votar y elegir; una democracia s&oacute;lida requiere ciudadanos libres, capaces de entender distintos temas de relevancia para el pa&iacute;s y de tomar decisiones basados en la raz&oacute;n y los argumentos. Ser visionario es saber discutir, saber entender con claridad los distintos puntos de vista y tener la capacidad para comprender al otro en sus sentimientos. 5. Mayor equidad, principalmente, por la v&iacute;a de la educaci&oacute;n: Durante muchos a&ntilde;os se crey&oacute; que el problema de la equidad era un problema &uacute;nica y exclusivamente de repartici&oacute;n de bienes y dinero. No obstante, algo que nos muestran las sociedades contempor&aacute;neas es que uno de los principales factores que generan diferencias sociales se da en las posibilidades que tienen las personas en el acceso al conocimiento y a una formaci&oacute;n que contribuya al desarrollo de la autonom&iacute;a. La educaci&oacute;n (una buena educaci&oacute;n) genera mejores ciudadanos, m&aacute;s libres y con m&aacute;s capacidad de aportar al conjunto de la sociedad.",NA,01/04/2000,NA,NA,0,1,NA,NA,1900-01-00 00:19:23.7,1900-01-00 00:18:24.4
120,Movimiento Progresismo Democrático,NA,NA,NA,NA,NA,0,1,NA,NA,1900-01-00 00:48:21.9,1900-01-00 00:21:04.0
33,Convergencia Popular Cívica (e),NA,NA,NA,NA,NA,0,1,NA,NA,1900-01-00 00:19:23.4,1900-01-00 00:07:50.4
129,Si Colombia,NA,NA,NA,NA,NA,0,1,NA,NA,1900-01-00 00:55:41.0,1900-01-00 00:26:11.6
119,Frente Social y Político,NA,NA,NA,NA,NA,0,1,NA,NA,1900-01-00 00:45:05.0,1900-01-00 00:28:36.0
66,Movimiento Conservatismo Independiente,NA,NA,NA,NA,NA,0,1,NA,NA,1900-01-00 00:19:23.5,1900-01-00 00:41:55.7
127,Nuevo Liberalismo,NA,NA,NA,NA,NA,0,1,NA,NA,1900-01-00 00:24:03.7,1900-01-00 00:29:21.0
63,Compromiso Cívico Cristiano - C4,"Nuestro pa&iacute;s, Colombia tierra promisoria habitada por hombres y mujeres amantes del trabajo y del progreso, ha visto menguada sus esperanzas en las &uacute;ltimas tres d&eacute;cadas. En cumplimiento de las exigencias que demanda el momento hist&oacute;rico en el cual vivimos surge el C-4 Compromiso C&iacute;vico Cristiano con la Comunidad: <br />-Compromiso: No podemos ser indiferentes a la crisis que vive nuestro pa&iacute;s. No queremos ignorar, ni ser ignorados en el momento actual. <br />_Civico: El rescate de los valores ciudadanos marca el progreso y el empuje de los pueblo. <br />_Cristiano: Nuestra plataforma ideol&oacute;gica tiene como fundamento los principios y las ense&ntilde;anzas consagradas en la Biblia. Cristo es nuestro m&aacute;ximo exponente. <br />_Con la comunidad: Es nuestro campo de acci&oacute;n, y nuestro principal polo de desarrollo. <br />El C4 tiene buenas relaciones con el presidente Uribe, sin embargo el Senador Jimmy Chamorro voto en contra el proyecto de reelecci&oacute;n. Su ideolog&iacute;a es de car&aacute;cter conservadora promoviendo los valores cristianos. Est&aacute;n en contra del aborto y la eutanasia. No apoyan el TLC. Chamorro asegura que votar&aacute; negativamente el TLC en el Congreso. <br /><br />",NA,NA,NA,NA,0,1,NA,NA,1900-01-00 00:19:23.5,1900-01-00 00:04:14.8
133,Movimiento Social e Indígena,NA,NA,NA,NA,NA,0,1,NA,NA,1900-01-00 00:59:32.3,1900-01-00 00:03:29.8
134,Unidad Liberal,NA,NA,NA,NA,NA,0,1,NA,NA,1900-01-00 00:51:00.8,1900-01-00 00:04:39.5
1,Convergencia Ciudadana,"<p align=""left"">Convergencia Ciudadana practicar&aacute; los principios de defensa a la vida. Libertad, igualdad, &eacute;tica, seguridad y respeto a la propiedad; pero entendidos estos no en sus aspectos formales o ideales; si no dentro del contexto de sus valores fundamentales d&aacute;ndoles contenido, trabajando por ello para asegurar su eficacia y materialidad como derechos vertebrales del ser humano. <br /><br />Ver mas: <a href=""http://www.convergencia.org.co/convergencia/pag_plataforma.asp"">http://www.convergencia.org.co/convergencia/pag_plataforma.asp</a></p><p align=""left"">&nbsp;</p>",NA,NA,NA,NA,0,1,NA,NA,1900-01-00 00:17:53.0,1900-01-00 00:38:07.6
115,Afrounincca,NA,NA,25/07/2007,NA,NA,0,1,NA,NA,1900-01-00 00:19:23.8,1900-01-00 00:00:44.0
162,Cabildo del Resguardo de Calderas,NA,NA,NA,NA,NA,0,1,NA,NA,1900-01-00 00:13:02.3,1900-01-00 00:13:19.0
161,Aimac - Autoridades Indígenas de Medicina Ancestral de Colombia,NA,NA,NA,NA,NA,0,1,NA,NA,1900-01-00 00:05:10.0,1900-01-00 00:32:34.3
132,FISA - Fundación Integración Social Afrocolombiana,NA,NA,NA,NA,NA,0,1,NA,NA,1900-01-00 00:12:33.7,1900-01-00 00:33:43.9
177,Esafro Fundación Esperanza Afro,NA,NA,NA,NA,NA,0,1,NA,NA,1900-01-00 00:17:53.1,1900-01-00 00:50:18.2
229,Kusuto Magende Cokumalu de Luruaco,NA,NA,NA,NA,NA,0,1,NA,NA,1900-01-00 00:51:09.2,1900-01-00 00:51:41.5
227,MISCA - Consejo Comunitario de Comunidades Negras Palenque Vereda Las Trescientas y Galapa,NA,NA,NA,NA,NA,0,1,NA,NA,1900-01-00 00:30:12.8,1900-01-00 00:52:34.7
29,Colombia Siempre,"EL  PARTIDO POLITICO COLOMBIA SIEMPRE, es una colectividad conformada por hombres y mujeres comprometidos a luchar incansablemente por el logro del bien com?n, obrando siempre de conformidad con los postulados democr?ticos y pluralistas propios del Estado de Derecho.El PARTIDO POLITICO COLOMBIA SIEMPRE, se estructura sobre la base del respeto a la Constituci?n y a la Ley. EL PARTIDO POLITICO COLOMBIA SIEMPRE, es un partido democr?tico e independiente, con esp?ritu joven, visi?n de poder, constituido a partir de postulados liberales para trabajar por el bienestar de los colombianos y por la renovaci?n pol?tica en nuestro pa?s, en busca de una democracia de todos los d?as, de todas las horas, y de todos los lugares, es decir, de una democracia cotidiana en todos sus espacios sociales.",NA,17/08/1993,NA,NA,0,1,NA,NA,1900-01-00 00:19:23.3,1900-01-00 00:45:05.6
130,ASNEA,NA,NA,NA,NA,NA,0,1,NA,NA,1900-01-00 00:44:59.5,1900-01-00 00:59:55.8
35,Salvación Nacional,NA,NA,NA,NA,NA,0,1,NA,NA,1900-01-00 00:19:23.4,1900-01-00 00:21:35.8
44,Somos Colombia,NA,NA,NA,NA,NA,0,1,NA,NA,1900-01-00 00:19:23.4,1900-01-00 00:41:34.0
30,Colombia Viva,"<p align=""left"">Impulsar el desarrollo empresarial de Colombia a trav&eacute;s de procesos que faciliten la ejecuci&oacute; de proyectos productivos.Identificar y difundir las instancias del orden nacional e internacional que proporcionan recursos o t&eacute;cnicos, financieros y de infraestructura entre otros, para el fortalecimiento de procesos productivos, econ&oacute;micos y empresariales en Colombia. <br />Identificar y diagnosticar con las comunidades de las diferentes regiones del pa&iacute;s, la vocaci&oacute;n en procesos productivos locales con gran impacto en generaci&oacute;n de empleo. <br />Desarrollar procesos de fortalecimiento a proyectos productivos, que faciliten su identificaci&oacute;n, diagnostico, establecimiento y sostenimiento. <br />Respaldar a la comunidad en procesos productivos de creaci&oacute;n, mantenimiento y fortalecimiento de las fami, micro, peque&ntilde;as, medianas y grandes empresas. <br />Consolidar la visi&oacute;n exportadora empresarial de Colombia <br /></p>",NA,NA,NA,NA,0,1,NA,NA,1900-01-00 00:19:23.3,1900-01-00 00:17:20.4
114,Alianza Social Afrocolombiana,NA,NA,NA,NA,NA,0,1,NA,NA,1900-01-00 00:19:23.7,1900-01-00 00:58:04.8
42,Movimiento Reconstrucción Democrática Nacional,"RECONSTRUCCION DEMOCRATICA NACIONAL, es un movimiento pol?tico independiente y popular que busca la reconstrucci?n de la naci?n colombiana sobre bases de equidad, justicia social, solidaridad, acceso colectivo a la educaci?n de calidad, a la cultura, a la recreaci?n y al trabajo digno y adecuadamente remunerado, en el marco de un Estado Social de Derecho y, que adem?s, adelanta una coherente e indeclinable lucha contra la corrupci?n.   Para remediar el galopante empobrecimiento y  la grave desigualdad existente, propone un inmediato incremento de la inversi?n social y la realizacion de obras  de infraestructura, para el desarrollo econ?mico del pa?s, que tengan como prop?sito adicional estimular el crecimiento del empleo formal.    Con el fin de combatir la inequidad y la miseria en el campo, propone una reforma agraria que garantice la propiedad comunitaria en favor de los campesinos, de los agricultores despojados y de los desplazados por la violencia. Dicha reforma debe combinarse con estimulos a formas asociativas de explotaci?n agr?cola y ganadera que tengan respaldo comercial interno y externo. En ese contexto, el desarrollo sostenible y la preservaci?n del medio ambiente son pilares de las acciones que se realicen en ese ?mbito.   Igualmente, respalda la idea de que las grandes empresas inviertan en generaci?n de empleo estable y en financiaci?n de proyectos productivos, en lugar de que el gobierno se dedique a favorecer y estimular la concentraci?n de riqueza, las inversiones especulativas y las grandes rentas, mediante la implantaci?n de pol?ticas laborales y tributarias regresivas Considera que el logro de la paz con los alzados en armas, siempre que no conduzca a la impunidad de sus delitos atroces, es un instrumento valioso para el progreso y la integraci?n del pueblo colombiano.",NA,28/01/1998,NA,NA,0,1,NA,NA,1900-01-00 00:19:23.4,1900-01-00 00:47:51.5
186,Multietnia Colombia,NA,NA,NA,NA,NA,0,1,NA,NA,1900-01-00 00:41:43.0,1900-01-00 00:20:40.6
163,Cabildo Indigena de San Sebastián de los Lagos,NA,NA,NA,NA,NA,0,1,NA,NA,1900-01-00 00:16:01.0,1900-01-00 00:13:22.3
152,Movimiento Blanco por la Paz,NA,NA,NA,NA,NA,0,1,NA,NA,1900-01-00 00:01:26.9,1900-01-00 00:30:24.6
135,MOIR - Movimiento Obrero Independiente Revolucionario,NA,NA,NA,NA,NA,0,1,NA,NA,1900-01-00 00:00:59.0,1900-01-00 00:37:20.0
187,OPIAC - Organización de los Pueblos Indígenas de la Amazonia Colombiana,NA,NA,NA,NA,NA,0,1,NA,NA,1900-01-00 00:44:58.6,1900-01-00 00:38:01.3
188,Oeca - Organización Étnica comunitaria Afro Colombia,NA,NA,NA,NA,NA,0,1,NA,NA,1900-01-00 00:50:01.3,1900-01-00 00:38:30.1
171,Corporación Vides y sus Niches,NA,NA,NA,NA,NA,0,1,NA,NA,1900-01-00 00:54:02.5,1900-01-00 00:15:23.7
172,Dignidades Agropecuarias Indígenas,NA,NA,NA,NA,NA,0,1,NA,NA,1900-01-00 00:58:20.3,1900-01-00 00:15:29.2
174,Fundación Afrocolombianos en Acción,NA,NA,NA,NA,NA,0,1,NA,NA,1900-01-00 00:04:27.5,1900-01-00 00:17:01.0
175,Fundación Cultural Costa Caribe Funculcosta,NA,NA,NA,NA,NA,0,1,NA,NA,1900-01-00 00:07:26.6,1900-01-00 00:17:05.8
173,E.A.T. Botica Comunitaria del Valle del Cauca,NA,NA,NA,NA,NA,0,1,NA,NA,1900-01-00 00:01:07.5,1900-01-00 00:16:51.4
178,Fundación Forfuturo,NA,NA,NA,NA,NA,0,1,NA,NA,1900-01-00 00:21:46.9,1900-01-00 00:17:15.9
179,Fundación Intensidad,NA,NA,NA,NA,NA,0,1,NA,NA,1900-01-00 00:26:19.7,1900-01-00 00:17:20.8
180,Fundación para el Desarrollo de la Cuenca del Pacífico Colombiano,NA,NA,NA,NA,NA,0,1,NA,NA,1900-01-00 00:32:55.7,1900-01-00 00:17:26.4
184,Movimiento Afrocolombiano Socioambientalista Macoas,NA,NA,NA,NA,NA,0,1,NA,NA,1900-01-00 00:29:55.8,1900-01-00 00:19:54.2
138,Sin información,NA,NA,NA,NA,NA,0,1,NA,NA,1900-01-00 00:31:23.4,1900-01-00 00:51:43.3
8,Colombia Democrática,"DECLARACI&Oacute;N POL&Iacute;TICA LA CONVENCI&Oacute;N NACIONAL DEL PARTIDO COLOMBIA DEMOCR&Aacute;TICA Reunida en Medell&iacute;n, el d&iacute;a 27 de Mayo de 2005 DECLARA: 1. Ratificamos nuestra fe en Colombia y en su democracia; reafirmamos nuestra decisi&oacute;n de continuar luchando por la paz y los derechos humanos; y renovamos nuestro compromiso social con la poblaci&oacute;n olvidada de la patria. Bajo estas banderas, seguimos firmes en la construcci&oacute;n de futuro digno para las presentes y futuras generaciones de colombianos y colombianas. 2. Ratificamos nuestro total respaldo al gobierno del Presidente &Aacute;lvaro Uribe V&eacute;lez y nos ponemos bajo su orientaci&oacute;n para contribuir activamente, desde todas las instancias del estado y la sociedad, en la suprema tarea de restauraci&oacute;n y renovaci&oacute;n de la patria. 3. Reafirmamos el compromiso a fondo con la reelecci&oacute;n de nuestro Presidente &Aacute;lvaro Uribe V&eacute;lez, como garant&iacute;a de que su obra de gobierno no quedar&aacute; frustrada. En una verdadera democracia la voluntad nacional, inequ&iacute;vocamente expresada en todos los sondeos de opini&oacute;n, no puede ser burlada ni escamoteada. 4. Con este prop&oacute;sito, y sobre la base de una comunidad ideol&oacute;gica y program&aacute;tica, nuestro partido est&aacute; dispuesto a acercarse a otros movimientos pol&iacute;ticos que respalden la candidatura de &Aacute;lvaro Uribe para un nuevo periodo presidencial. Tenemos las puertas abiertas a un di&aacute;logo constructivo hacia la unidad de acci&oacute;n y no regatearemos nuestro aporte al triunfo de la causa com&uacute;n que nos identifica. 5. Renovamos nuestro indeclinable compromiso &eacute;tico con la pol&iacute;tica de seguridad democr&aacute;tica como herramienta eficaz para derrotar el terrorismo. Doblegar, desactivar y erradicar las organizaciones armadas ilegales que azotan a los ciudadanos, es la prioridad de toda sociedad civilizada, porque mientras ello no se logre ser&aacute; vana toda pol&iacute;tica social. 6. Reiteramos nuestra adhesi&oacute;n a la concepci&oacute;n de estado comunitario y su compromiso con el manejo transparente del Estado como garant&iacute;a para que los recursos p&uacute;blicos satisfagan las necesidades fundamentales de la poblaci&oacute;n; declaramos la guerra a la corrupci&oacute;n y la politiquer&iacute;a; reclamamos eficiencia en el gasto p&uacute;blico y una pol&iacute;tica social inclinada a favorecer a quienes jam&aacute;s pueden ser abandonados al mercado, so pena de excluirlos del acceso a la educaci&oacute;n, a la salud y a la seguridad social. 7. Respaldamos un proceso de paz que haga viable la desmovilizaci&oacute;n y desarme de las organizaciones terroristas de todo signo, y que consulte las particulares condiciones de la sociedad colombiana. Ofrecemos nuestro apoyo a una ley de justicia y paz con salidas reales para desactivar las atroces maquinarias de barbarie y muerte que azotan a la patria. En este empe&ntilde;o, la ley debe conciliar el objetivo supremo de la convivencia con los derechos de las v&iacute;ctimas a la reparaci&oacute;n, la verdad y la justicia, sin esquemas r&iacute;gidos y dogm&aacute;ticos. 8. Respaldamos la expedici&oacute;n de una Reforma Pensional que garantice la viabilidad del sistema y el derecho de las futuras generaciones a gozar de una pensi&oacute;n, pero sin desconocer los derechos adquiridos y las expectativas leg&iacute;timas de quienes est&aacute;n en v&iacute;as de pensionarse. 9. Apoyamos una verdadera ley de garant&iacute;as de igualdad electoral, generosa con los derechos de la oposici&oacute;n pero sin el riesgo de convertirse en instrumento paralizante de la acci&oacute;n del Gobierno. 10. Vemos conveniente para nuestra econom&iacute;a una negociaci&oacute;n del Tratado de Libre Comercio (TLC) con los Estados Unidos, pero siempre acompa&ntilde;ado de salvaguardas de equidad y defensa de la producci&oacute;n nacional. 11. Ratificamos la unidad de nuestro partido y, declaramos despejado el camino para proyectarlo como fuerza con vocaci&oacute;n de triunfo en pro de la recuperaci&oacute;n de la patria. 12. Invitamos a nuevos dirigentes, provenientes de todos los estamentos sociales y diversos sectores de opini&oacute;n, a engrosar las filas de nuestro partido como fuerza renovadora de la sociedad y el Estado.",NA,NA,NA,NA,0,1,NA,NA,1900-01-00 00:17:54.0,1900-01-00 00:44:22.3
192,Vía Nueva,NA,NA,NA,NA,NA,0,1,NA,NA,1900-01-00 00:49:25.4,1900-01-00 00:22:00.9
4,Conservador Colombiano,"El Partido Conservador Colombiano es una organizaci&oacute;n pol&iacute;tica de centro, democr&aacute;tica, popular, moderno y de avanzada, organizada de acuerdo con la Constituci&oacute;n y las leyes de la Rep&uacute;blica. El fundamento del Partido Conservador radica en una concepci&oacute;n humanista y su objetivo es propender por el respeto a la dignidad de la persona, garantizando el pleno ejercicio de los derechos humanos consagrados y definidos en la declaraci&oacute;n de la Organizaci&oacute;n de los Estados Americanos y en la Constituci&oacute;n Pol&iacute;tica de Colombia",Bogotá,1849-10-04,http://bit.ly/ejSSDO,Bogotá,1,1,NA,NA,1900-01-00 00:17:53.0,1900-01-00 00:50:27.4
157,Asociación de Autoridades Tradicionales y Cabildos Indígenas de Colombia,NA,NA,NA,NA,NA,0,1,NA,NA,1900-01-00 00:33:12.4,1900-01-00 00:12:11.5
170,Corposinpac - Corporación Social e Integral del Pacífico,NA,NA,NA,NA,NA,0,1,NA,NA,1900-01-00 00:49:53.5,1900-01-00 00:33:29.8
182,Fundiafro - Fundación para el Desarrollo Integral del Afrodescendiente,NA,NA,NA,NA,NA,0,1,NA,NA,1900-01-00 00:40:47.8,1900-01-00 00:33:56.7
3,Cambio Radical,"<p align=""left""><br />Cambio Radical presenta su visi&oacute;n de partido luego de un proceso amplio de consulta nacional con m&uacute;ltiples representantes de sectores sociales, expertos en &aacute;reas espec&iacute;ficas, y con simples ciudadanos y ciudadanas comprometidos todos con un futuro mejor para Colombia. La consulta cont&oacute; con la participaci&oacute;n de colombianos y colombianas de distintas regiones del pa&iacute;s, de diferentes puntos de vista e ideolog&iacute;as pero unidos en el reto de seguir por el camino de la seguridad democr&aacute;tica, buscando un crecimiento econ&oacute;mico sostenido, con una sociedad m&aacute;s justa, y logrando una inserci&oacute;n internacional que favorezca a los mejores intereses de Colombia. Partimos de la idea de que para lograr nuestros objetivos, es necesario consolidar la seguridad democr&aacute;tica en Colombia. La modernizaci&oacute;n y democratizaci&oacute;n que viene experimentando Colombia desde el a&ntilde;o 2002 solo ser&aacute;n posibles a trav&eacute;s de la continuidad de esta pol&iacute;tica pues solo as&iacute; podremos proteger los derechos de los colombianos y fortalecer, con la solidaridad de la ciudadan&iacute;a, el Estado de Derecho y la autoridad democr&aacute;tica. Para lograr este objetivo Cambio Radical propone dise&ntilde;ar e implementar pol&iacute;ticas sociales serias y responsables que consideren la realidad del pa&iacute;s y las posibilidades reales que tenemos para solucionar la precaria situaci&oacute;n en la que se enfrenta una proporci&oacute;n lamentablemente grande de nuestros conciudadanos. La base de nuestra visi&oacute;n social es la equidad, la modernizaci&oacute;n del sistema educativo p&uacute;blico, y la expansi&oacute;n de la seguridad social y el acceso a la salud. <br />Planteamos modernizar la econom&iacute;a de nuestro pa&iacute;s a trav&eacute;s de la estabilidad macroecon&oacute;mica, atacando el problema del desempleo y la informalidad, mejorando la infraestructura de transporte, promoviendo el desarrollo rural y una verdadera reforma agraria, insertando a Colombia en la econom&iacute;a global. <br />Concientes de los retos contempor&aacute;neos producto de la crisis energ&eacute;tica mundial, planteamos tambi&eacute;n la transformaci&oacute;n del sector energ&eacute;tico. Esta tarea implica entender las tendencias actuales y definir pol&iacute;ticas que preparen a Colombia para enfrentar los desaf&iacute;os energ&eacute;ticos del Siglo XXI <br />Cambio Radical es un partido comprometido con el fortalecimiento del Estado y de sus instituciones. Nuestra visi&oacute;n de un Estado Moderno incluye una descentralizaci&oacute;n administrativa real, el fortalecimiento de las instituciones judiciales, la consolidaci&oacute;n de una pol&iacute;tica de seguridad ciudadana y democr&aacute;tica, y, sobretodo, la transparencia en el manejo y administraci&oacute;n del aparato p&uacute;blico. <br />En este documento presentamos los lineamientos b&aacute;sicos de nuestro partido. Estos lineamientos est&aacute;n orientados a consolidar lo positivo que se ha venido impulsando en nuestro pa&iacute;s y hacer de Colombia en el Siglo XXI un pa&iacute;s moderno, democr&aacute;tico y lo que est&eacute; desvirtuando las posibilidades de que Colombia transite el Siglo XXI como un pa&iacute;s moderno, democr&aacute;tico, y con la capacidad de proteger a todos sus ciudadanos. <br /></p>",Bogotá,05/07/2000,http://bit.ly/ik9Ra0,Bogotá,1,1,NA,NA,1900-01-00 00:17:53.0,1900-01-00 00:36:07.2
5,Partido de la U - Partido Social de Unidad Nacional,"Reparto equitativo de la riqueza igualdad de oportunidades protecci&oacute;n a la libertad de pensamiento y opini&oacute;n,salvaguarda y respeto por el pluralismo cultural, etnico, religioso y sexual.",Bogotá d.c.,18/12/2005,http://bit.ly/qZFDjf,Bogotá d.c.,1,1,NA,NA,1900-01-00 00:17:53.0,1900-01-00 00:09:11.7
191,Asociación Afrocolombiana Sí se Puede,NA,NA,NA,NA,NA,0,1,NA,NA,1900-01-00 00:43:12.4,1900-01-00 00:44:33.8
183,Los Palenkes,NA,NA,NA,NA,NA,0,1,NA,NA,1900-01-00 00:23:57.5,1900-01-00 00:51:45.2
176,Todos Somos Colombia (Antes Fundación Ébano de Colombia Funeco),NA,NA,NA,NA,NA,0,1,NA,NA,1900-01-00 00:09:35.8,1900-01-00 00:55:10.2
224,Mí Territorio Ancestral Consejo Comunitario de la Comunidad Negra de Tierra Baja,NA,NA,NA,NA,NA,0,1,NA,NA,1900-01-00 00:06:16.7,1900-01-00 00:52:39.3
228,Consejo Comunitario de Comunidades Negras Obatala,NA,NA,NA,NA,NA,0,1,NA,NA,1900-01-00 00:38:18.5,1900-01-00 00:31:52.3
231,Consejo Comunitario de la Comunidad Negra de la Calle Larga Río Dágua,NA,NA,NA,NA,NA,0,1,NA,NA,1900-01-00 00:10:42.2,1900-01-00 00:32:22.9
141,Bancada Indígena,NA,NA,NA,NA,NA,1,1,NA,NA,1900-01-00 00:27:06.7,1900-01-00 00:02:59.3
193,Únete Centro Democrático,NA,NA,NA,NA,NA,0,1,NA,NA,1900-01-00 00:49:26.5,1900-01-00 00:21:34.3
164,Comunidad Indígena de Barrancón,NA,NA,NA,NA,NA,0,1,NA,NA,1900-01-00 00:21:07.4,1900-01-00 00:13:54.8
151,Embera Chami del Resguardo Indígena Dachi Agore Drua,NA,NA,NA,NA,NA,0,1,NA,NA,1900-01-00 00:46:29.8,1900-01-00 00:16:56.3
131,ALAS,NA,Bogotá,01/01/2006,http://bit.ly/eYeiTd,Bogotá,0,1,NA,NA,1900-01-00 00:48:48.4,1900-01-00 00:47:55.2
136,Afrovides,NA,"Tolu, Sucre",01/08/2010,http://bit.ly/AhYO6c,"Tolu, Sucre",0,1,NA,NA,1900-01-00 00:28:59.3,1900-01-00 00:48:02.2
145,Opción Ciudadana,NA,09/11/2009,09/11/2009,http://partidoopcionciudadana.com/doc/estatutosopcionciudadana.pdf,09/11/2009,1,1,NA,NA,1900-01-00 00:37:42.6,1900-01-00 00:18:56.2
12,Partido Verde,"La opci&oacute;n pol&iacute;tica, la opci&oacute;n de Centro y la opci&oacute;n Verde Ambiental. En una Colombia polarizada, sumida en una guerra de mas de 50 a&ntilde;os entre las izquierdas y las derechas, sienten que promover y crear una alternativa de centro es absolutamente coherente con lo que anhelan los colombianos, la paz y la reconciliaci&oacute;n. As&iacute; mismo, el engrandecer la democracia con una propuesta verde ambiental y en sinton&iacute;a con los verdes globales fue un reto que asumieron y har&aacute;n crecer de manera inexorable en el pa&iacute;s. POLITICA AMBIENTAL: Nuevo marco de relaciones con la naturaleza, el ser humano como protagonista de cambio, uso sustentable de los recursos naturales, el medio ambiente como prioridad en el desarrollo econ&oacute;mico y&nbsp;agenda publica ambiental. FUNDAMENTOS DEL CENTRO DEMOCRATICO: Cultura ciudadana, interacci&oacute;n del estado con las comunidades y el libre mercado, modelo econ&oacute;mico solidario y libre, nuevos indicadores para el desarrollo humano, globalizaci&oacute;n con equidad, educaci&oacute;n, ciencia y tecnolog&iacute;a. FORTALEZA ETICA-POLITICA: La pol&iacute;tica y el poder como un medio para alcanzar el bien com&uacute;n. PROTECCION A LOS DERECHOS HUMANOS: Aplicaci&oacute;n de tratados internacionales sobre derechos y desarrollo humano, plan nacional de acci&oacute;n en derechos humanos, derechos fundamentales y del ambiente en la constituci&oacute;n de 1991, apoyo humanitario y soluci&oacute;n al conflicto armado, mujer, juventud y minor&iacute;as, igualdad de g&eacute;nero y protecci&oacute;n a la ni&ntilde;ez.",Bogotá,05/06/2007,http://goo.gl/il8KO,Bogotá,0,1,NA,NA,1900-01-00 00:12:37.0,1900-01-00 00:48:27.0
197,Movimiento Progresistas,NA,NA,NA,NA,NA,0,1,NA,NA,1900-01-00 00:29:55.2,1900-01-00 00:11:34.8
155,Afrodmam - Asociación de Afrodescendientes del Magdalena Medio,NA,NA,NA,NA,NA,0,1,NA,NA,1900-01-00 00:09:26.9,1900-01-00 00:30:30.4
156,Opic - Asociación de Autoridades Tradicionales Indigenas,NA,NA,NA,NA,NA,0,1,NA,NA,1900-01-00 00:18:44.9,1900-01-00 00:30:52.3
68,MIR - Movimiento de Integración Regional,NA,NA,NA,NA,NA,0,1,NA,NA,1900-01-00 00:19:23.5,1900-01-00 00:52:31.0
149,Movimiento Político Cien por Ciento por Colombia,NA,NA,NA,NA,NA,0,1,NA,NA,1900-01-00 00:56:58.7,1900-01-00 00:53:58.7
150,Por un Huila Mejor,NA,NA,NA,NA,NA,0,1,NA,NA,1900-01-00 00:46:27.2,1900-01-00 00:54:10.0
153,UP - Unión Patriótica,NA,NA,NA,https://up.org.co/images/archivos/1/estatutos_up.pdf,NA,0,1,NA,NA,1900-01-00 00:34:22.2,1900-01-00 00:55:54.2
6,PDA - Polo Democrático Alternativo,"<p align=""left"">El POLO DEMOCR&Aacute;TICO INDEPENDIENTE, PDI, es una fuerza para el cambio democr&aacute;tico. Surge para contribuir en la construcci&oacute;n, defensa y consolidaci&oacute;n del Estado Social de Derecho en nuestro pa&iacute;s, haciendo realidad la Declaraci&oacute;n Universal de los Derechos Humanos y los postulados b&aacute;sicos de la Constituci&oacute;n Pol&iacute;tica de 1991. Nos comprometemos a trabajar por la democracia como condici&oacute;n de vida civilizada, como forma de gobierno y de hacer pol&iacute;tica; como procedimiento para participar, representar, decidir y elegir; como m&eacute;todo de tratamiento de los conflictos, y de todos los asuntos p&uacute;blicos. Como v&iacute;a segura para la soluci&oacute;n de los grandes problemas nacionales. Nuestro accionar interno y externo ser&aacute; ejemplarmente democr&aacute;tico. Somos una opci&oacute;n real de gobierno para hacer realidad la democracia plena y la solidaridad que Colombia reclama con urgencia. Nos dedicaremos a las tareas de rescatar la pol&iacute;tica como servicio p&uacute;blico, el manejo responsable y honesto del patrimonio colectivo y la legitimidad de las instituciones democr&aacute;ticas.</p><p align=""left"">&nbsp;</p><p align=""left"">El Polo tiene proyecto pol&iacute;tico. Tiene el proyecto que Colombia necesita. Ese proyecto est&aacute; cabalmente formulado en los documentos fundacionales del PDA (I Congreso, diciembre de 2006), en particular en el Ideario de Unidad. <br /><br />PROYECTO POL&Iacute;TICO: &ldquo;Propuesta de acci&oacute;n ciudadana, acci&oacute;n pol&iacute;tica y acci&oacute;n estatal que un partido pol&iacute;tico, basado en principios, formula para que una sociedad, en condiciones hist&oacute;ricas determinadas, alcance objetivos deseables de libertad, dignidad, desarrollo, calidad de vida, equidad y paz&hellip; El Proyecto Pol&iacute;tico del PDA para esta etapa est&aacute; contenido en el Ideario de Unidad&rdquo;. &ndash; (Sandoval, Marzo 2008, El pensamiento pol&iacute;tico en la pol&iacute;tica). <br /><br />IDEARIO DE UNIDAD: &ldquo;Conscientes de la profunda crisis nacional y convencidos de que la v&iacute;a para la transformaci&oacute;n de las estructuras econ&oacute;micas, sociales y pol&iacute;ticas de Colombia solo la encontraremos con la ampliaci&oacute;n y profundizaci&oacute;n de la democracia, hoy cada vez m&aacute;s restringida, y con el ejercicio pleno de la soberan&iacute;a nacional&hellip; nos comprometemos a avanzar en el proceso de unidad de nuestra fuerzas sobre la base de este Ideario de Unidad que presentamos a los colombianos y colombianas&rdquo;. (1er p&aacute;rrafo del Ideario, edici&oacute;n oficial, Dctos. N&deg; 2). <br /><br />Ver mas: <a href=""http://www.polodemocratico.net/-Estatutos-plataforma-y"">http://www.polodemocratico.net/-Estatutos-plataforma-y</a>-</p><p align=""left"">&nbsp;</p>",Bogotá,01/12/2005,http://bit.ly/fkP7dX,Bogotá,1,1,NA,NA,1900-01-00 00:17:53.0,1900-01-00 00:46:34.2
196,Colombia Justa Libres (Antes Movimiento Libres),NA,NA,NA,NA,NA,1,1,NA,NA,1900-01-00 00:38:39.3,1900-01-00 00:12:37.3
91,Conservador Colombiano-Movimiento de Salvación,NA,NA,NA,NA,NA,0,1,NA,NA,1900-01-00 00:19:23.6,1900-01-00 00:51:55.5
82,Movimiento Comunal y Comunitario de Colombia,"&iexcl;Quien quiera que Seas, tienes un lugar entre nosotros! Pa&iacute;s es una palabra que, al nombrarla, deber&iacute;amos sentir el calor del Hogar, como una especie de Casa Mayor, donde pudi&eacute;semos sabernos reconocidos, cuidados y seguros. Este es el origen esencial del Estado, especialmente del Estado Democr&aacute;tico: Ser el Hogar m&aacute;s acogedor como fruto del Acuerdo entre las Mayor&iacute;as. Pero, educados d&iacute;a a d&iacute;a en el miedo a los dem&aacute;s, inventamos esta forma extra&ntilde;a de hacer democracia que son los partidos pol&iacute;ticos. Partidos significa estar PAR-TIDOS. Y eso han hecho los partidos pol&iacute;ticos: separarnos, han producido durante casi 100 a&ntilde;os la separaci&oacute;n loca e interesada de los colombianos. Y demos gracias a que la Vida sobrevive a las ideas, porque la Vida es puro MOVIMIENTO. Ante el fracaso de los Partidos Pol&iacute;ticos como respuesta a la voluntad de la mayor&iacute;a, la Vida se recrea en Colombia gestando la Acci&oacute;n Comunal, convirti&eacute;ndose en el ejemplo m&aacute;s consistente de la manera en que las personas pueden saltar de la individualidad a la colectividad. Durante 46 a&ntilde;os la Acci&oacute;n Comunal ha tra&iacute;do desarrollo a este pa&iacute;s, siendo excluida de todo poder decisorio. Pero un conglomerado de comunales decididos a hacer realidad los principios que dan origen a la Acci&oacute;n Comunal, comprendieron que s&oacute;lo accediendo a las instancias de decisi&oacute;n pol&iacute;tica, los intereses de las mayor&iacute;as tendr&iacute;an realizaci&oacute;n. Nace entonces el Movimiento Comunal y Comunitario , abierto, pluralista, incluyente, colectivo, &eacute;tico y solidario. Nuestra meta: Construir un pa&iacute;s que incluya a todos y que no represente a unos pocos. Nuestra manera: Educarnos y educar en la segura vivencia de lo colectivo, lo &eacute;tico, lo solidario, lo p&uacute;blico y en todo lo que traiga Vida. Nuestra estrategia: Tejer Comunidad d&iacute;a a d&iacute;a y acceder a los niveles de decisi&oacute;n del Estado para que se oiga la Voz de Todos. Nuestra Garant&iacute;a: El origen com&uacute;n del que Venimos: Ciudadanos Reales, de carne y hueso no los de las Estad&iacute;sticas, Comunes y Corrientes reclamando derechos ya contemplados en la Constituci&oacute;n Nacional aprobada por Todos nosotros. Nuestra invitaci&oacute;n: A DESCUBRIR que la manera m&aacute;s segura del realizar los sue&ntilde;os personales es colectiva. &iexcl;Asegura la Realizaci&oacute;n de tus Metas ayudando a realizar las metas de los Otros!",NA,NA,NA,NA,0,1,NA,NA,1900-01-00 00:19:23.6,1900-01-00 00:55:16.3
195,Fundacion para el Desarrollo la Solidaridad y la Integracion de las Comunidades Negras de Colombia,NA,NA,NA,NA,NA,0,1,NA,NA,1900-01-00 00:53:28.1,1900-01-00 00:17:35.6
2,Liberal Colombiano,"1.- El Partido Liberal Colombiano es el partido del pueblo. Tiene car&aacute;cter pluralista y constituye una coalici&oacute;n de matices de izquierda democr&aacute;tica, cuya misi&oacute;n consiste en trabajar por resolver los problemas estructurales, econ&oacute;micos, sociales, culturales y pol&iacute;ticos, nacionales y regionales, mediante la intervenci&oacute;n del Estado. 2.- El Partido Liberal tiene su raz&oacute;n de ser en la promoci&oacute;n del ser humano y la defensa de los derechos fundamentales de las personas, entre otros, el derecho a la vida, a la libertad, a la salud, al trabajo, a la educaci&oacute;n, al desarrollo cultural, a la equidad, incluyendo la de g&eacute;nero, a la solidaridad, a la libre asociaci&oacute;n y a un desarrollo social sustentado fundamentalmente en la educaci&oacute;n y la salud p&uacute;blicas. Para el Partido Liberal, el Estado y la econom&iacute;a est&aacute;n al servicio de los seres humanos. 3.- El Partido Liberal est&aacute; comprometido con la defensa y promoci&oacute;n de las comunidades regionales y locales, la evoluci&oacute;n de sus propias culturas en un ambiente de pluralidad &eacute;tnica y un medio ambiente sano, con servicios p&uacute;blicos a costos razonables que satisfagan sus necesidades b&aacute;sicas, en especial vivienda digna, as&iacute; como condiciones democr&aacute;ticas que garanticen su desarrollo aut&oacute;nomo en armon&iacute;a con el desarrollo de la Naci&oacute;n. El Partido Liberal reitera su convicci&oacute;n de que la autonom&iacute;a regional y local favorecen la democracia y garantizan la unidad y el desarrollo equilibrado del pa&iacute;s. 4.- El Partido Liberal apoya y promueve las organizaciones sindicales de la ciudad y del campo, las organizaciones de empresarios, al igual que las instituciones de econom&iacute;a solidaria. 5.- El Partido Liberal defiende y promueve el uso racional y sostenible de la diversidad, la profundizaci&oacute;n en las investigaciones del genoma humano y el acceso de toda la poblaci&oacute;n a los bienes tecnol&oacute;gicos, cient&iacute;ficos y culturales. El medio ambiente ser&aacute; parte integral de la concepci&oacute;n que el Partido tenga del desarrollo econ&oacute;mico. 6.- El Partido Liberal se compromete a buscar la soluci&oacute;n de los conflictos existentes en el seno de la sociedad colombiana, incluyendo los armados, por medio de la deliberaci&oacute;n, la concertaci&oacute;n y la negociaci&oacute;n pol&iacute;tica, entendiendo estos procesos como el desarrollo de una funci&oacute;n de Estado que debe materializarse en reformas econ&oacute;micas, pol&iacute;ticas y sociales que hagan posible la reconciliaci&oacute;n. 7.- El Partido Liberal promover&aacute; el liderazgo juvenil y la participaci&oacute;n directa de los j&oacute;venes en los procesos pol&iacute;ticos que decidan los destinos del pa&iacute;s, para contribuir al fortalecimiento del sistema democr&aacute;tico y la renovaci&oacute;n pol&iacute;tica. 8.- El Partido liberal abandera la defensa irrestricta de los Derechos Humanos y del Derecho Internacional Humanitario. Ning&uacute;n atropello a ellos podr&aacute; hacerse en Colombia a nombre del Partido Liberal. 9.- El Partido Liberal, ha reconocido y reconoce el papel que juega la econom&iacute;a de mercado en el proceso econ&oacute;mico y social; este reconocimiento est&aacute; en un todo de acuerdo con los postulados de la Social Democracia Internacional. El Estado impulsar&aacute; y promover&aacute; la econom&iacute;a de mercado garantizando siempre la igualdad de oportunidades para todas las personas. El Partido se compromete, as&iacute; mismo, a promover la competencia entre las empresas, a combatir y regular los monopolios y las posiciones dominantes en los mercado, de manera especial, en el de los medios masivos de comunicaci&oacute;n social. El Partido Liberal Colombiano defiende el principio fundamental de: &quot;Tanto mercado como sea posible, tanto Estado como sea necesario&quot;, en contraste con las formulaciones neoliberales que promueve el capitalismo salvaje. 10. El Partido Liberal Colombiano profundizar&aacute; en el proceso de democratizaci&oacute;n interna. As&iacute; mismo, promover&aacute; programas de capacitaci&oacute;n para fortalecer sus l&iacute;deres y el establecimiento de canales de comunicaci&oacute;n con la comunidad y con la militancia del Partido. 11. La afiliaci&oacute;n del Partido Liberal Colombiano a la Internacional Socialista lo vincula a las corrientes del pensamiento contempor&aacute;neo. Su ingreso, debe servir a los pa&iacute;ses latinoamericanos como veh&iacute;culo necesario para que los gobiernos del mundo regidos por la socialdemocracia, ayuden a obtener los resultados concretos en la lucha por la igualdad. Tales resultados deben significar una mayor y m&aacute;s justa participaci&oacute;n en el comercio internacional y el acceso al capital que permita un desarrollo econ&oacute;mico a bajos costos. 12. El principio de la funci&oacute;n social de la propiedad ha sido y continuar&aacute; siendo bandera del Partido Liberal Colombiano. 13 Para el Partido Liberal Colombiano, la globalizaci&oacute;n no puede significar que los pa&iacute;ses desarrollados impongan a los pa&iacute;ses en desarrollo sus intereses comerciales, financieros y culturales. En este sentido, el Partido se compromete a trabajar con intensidad por una econom&iacute;a global debidamente regulada. 14. El Partido Liberal Colombiano promover&aacute;, en el marco de las relaciones internacionales, la integraci&oacute;n regional, el respeto por la autodeterminaci&oacute;n de los pueblos, la no intervenci&oacute;n y la prevalencia de la justicia social sobre los intereses particulares. Igualmente, promover&aacute; el desarrollo integral de las zonas de frontera. 15. El Partido Liberal Colombiano propender&aacute; por una sociedad y una econom&iacute;a que est&eacute;n en funci&oacute;n del pleno empleo y por la realizaci&oacute;n de una seguridad social integral para todos los habitantes. 16. El Partido Liberal Colombiano manifiesta con firmeza que, Colombia solo alcanzar&aacute; su madurez democr&aacute;tica y la paz, cuando se recuperen los valores &eacute;ticos en el comportamiento social de los individuos, empezando por los dirigentes de los partidos pol&iacute;ticos, de la empresa privada y de las organizaciones sociales. En consecuencia, declara una lucha frontal contra la corrupci&oacute;n. 17. El Partido Liberal Colombiano es el partido del libre examen, de la tolerancia y en sus deliberaciones internas practicar&aacute; la cr&iacute;tica y la autocr&iacute;tica. 18. Los anteriores son los principios rectores del Partido Liberal Colombiano.",Bogotá,1848-07-16,http://bit.ly/hWqyzd,Bogotá,1,1,NA,NA,1900-01-00 00:17:53.0,1900-01-00 00:03:00.7
128,Asopra,NA,NA,NA,NA,NA,0,1,NA,NA,1900-01-00 00:44:24.3,1900-01-00 00:13:04.8
154,Asodeportes - Asociación Colombiana de Entrenadores Deportivos y Profesionales,NA,NA,NA,NA,NA,0,1,NA,NA,1900-01-00 00:01:09.6,1900-01-00 00:26:28.1
158,ANIC - Asociación Nacional Indígena de Colombia,NA,NA,NA,NA,NA,0,1,NA,NA,1900-01-00 00:35:46.3,1900-01-00 00:31:12.1
159,Afrominga - Asociación Regional de Afrocolombianos La Minga,NA,NA,NA,NA,NA,0,1,NA,NA,1900-01-00 00:39:15.7,1900-01-00 00:31:32.4
185,MAIS - Movimiento Alternativo Indígena y Social,NA,NA,NA,NA,NA,1,1,NA,NA,1900-01-00 00:32:56.2,1900-01-00 00:34:30.3
165,Consejo Comunitario de los Corregimientos de San Antonio y El Castillo,NA,NA,NA,NA,NA,0,1,NA,NA,1900-01-00 00:24:17.2,1900-01-00 00:46:45.5
144,Centro Democrático,NA,NA,23/07/2014,http://www.centrodemocratico.com/wp-content/uploads/2014/07/Estatutos-Centro-Democr%C3%A1tico-Final-Asamblea-15-de-Julio-2014.pdf,NA,1,1,NA,NA,1900-01-00 00:17:05.2,1900-01-00 00:06:23.9
198,Movimiento Popular Unido,NA,NA,NA,NA,NA,0,1,NA,NA,1900-01-00 00:09:56.5,1900-01-00 00:09:56.5
147,MUIPC - Movimiento Unidad Indígena y Popular por Colombia,NA,Riosucio Caldas,NA,NA,Riosucio Caldas,0,1,NA,NA,1900-01-00 00:28:56.6,1900-01-00 00:42:44.0
117,PIN - Partido de Integración Nacional,NA,Bogotá,09/11/2009,http://partidoopcionciudadana.com/doc/estatutosopcionciudadana.pdf,Bogotá,0,1,NA,NA,1900-01-00 00:57:28.2,1900-01-00 00:42:50.7
201,Coalición Lista de la Decencia,NA,NA,NA,NA,NA,1,1,NA,NA,1900-01-00 00:33:26.6,1900-01-00 00:34:33.3
209,Anicol Asociación Nacional de Cabildos y Autoridades Indígenas en Colombia,NA,NA,NA,NA,NA,0,1,NA,NA,1900-01-00 00:19:43.1,1900-01-00 00:43:17.1
207,Autoridad Tradicional Casiyouren,NA,NA,NA,NA,NA,0,1,NA,NA,1900-01-00 00:14:53.9,1900-01-00 00:44:49.5
210,Fundación Taita Zipa,NA,NA,NA,NA,NA,0,1,NA,NA,1900-01-00 00:24:16.0,1900-01-00 00:51:31.3
206,Movimiento Político Soberanía,NA,NA,NA,NA,NA,0,1,NA,NA,1900-01-00 00:06:36.4,1900-01-00 00:54:02.1
212,Sí se puede (Grupo significativo de ciudadanos),NA,NA,NA,NA,NA,0,1,NA,NA,1900-01-00 00:40:30.7,1900-01-00 00:54:16.7
199,Somos (Antes Partido Alas),NA,NA,NA,NA,NA,0,1,NA,NA,1900-01-00 00:34:11.0,1900-01-00 00:54:19.6
200,Todos somos Colombia,NA,NA,15/04/2017,NA,NA,0,1,NA,NA,1900-01-00 00:01:47.9,1900-01-00 00:55:07.0
208,UAIZSACOR Asociación de Cabildos y Autoridades Indígenas Zenúes,NA,NA,NA,NA,NA,0,1,NA,NA,1900-01-00 00:14:43.5,1900-01-00 00:55:12.9
202,Coalición por el Norte,NA,NA,NA,NA,NA,0,1,NA,NA,1900-01-00 00:22:53.5,1900-01-00 00:31:47.7
51,Anapo - Alianza Nacional Popular,NA,Bogotá,01/01/1961,NA,Bogotá,0,1,NA,NA,1900-01-00 00:19:23.4,1900-01-00 00:25:49.0
203,FARC - Fuerza Alternativa Revolucionaria del Común,NA,NA,NA,NA,NA,1,1,NA,NA,1900-01-00 00:59:02.1,1900-01-00 00:35:20.1
246,Funeco - Fundación Ébano de Colombia,NA,NA,NA,NA,NA,0,1,NA,NA,1900-01-00 00:11:28.1,1900-01-00 00:11:28.1
248,Colombia Humana,NA,NA,NA,NA,NA,1,1,NA,NA,1900-01-00 00:14:05.6,1900-01-00 00:14:05.6
249,Coalición Alternativa Santandereana,NA,NA,NA,NA,NA,1,1,NA,NA,1900-01-00 00:06:30.9,1900-01-00 00:06:30.9
9,AICO - Autoridades Indígenas de Colombia,"1. Propender por la organizaci&oacute;n y la interrelaci&oacute;n de los pueblos Ind&iacute;genas. 2. Apoyar la autonom&iacute;a y formas propias de gobierno mediante la conformaci&oacute;n de los territorios ind&iacute;genas bajo su propia administraci&oacute;n. 3. Buscar el respeto y protecci&oacute;n de la diversidad &eacute;tnica y cultural, y asegurar la expedici&oacute;n de normas que la garanticen. 4. Buscar que la educaci&oacute;n y justicia sean propias de cada pueblo ind&iacute;gena. 5. Propender por la reconstrucci&oacute;n social y econ&oacute;mica de las comunidades Ind&iacute;genas y minor&iacute;as &eacute;tnicas del Pa&iacute;s, y apoyar hasta donde sea posible el desarrollo de otros sectores marginados de la sociedad.","Corzo, Guachacal - Nariño",15/08/1991,http://bit.ly/dEm253,"Corzo, Guachacal - Nariño",1,1,NA,NA,1900-01-00 00:17:54.0,1900-01-00 00:32:18.5
245,Consejo Comunitario de Comunidades Negras Santo Domingo,NA,NA,NA,NA,NA,0,1,NA,NA,1900-01-00 00:23:46.3,1900-01-00 00:46:33.7
243,Consejo Comunitario del río Yurumanguí,NA,NA,NA,NA,NA,0,1,NA,NA,1900-01-00 00:54:49.5,1900-01-00 00:46:49.5
240,Consejo Comunitario Imbilpí del Carmen,NA,NA,NA,NA,NA,0,1,NA,NA,1900-01-00 00:06:36.0,1900-01-00 00:47:52.2
244,Consejo Comunitario Los Andes,NA,NA,NA,NA,NA,0,1,NA,NA,1900-01-00 00:16:35.7,1900-01-00 00:47:55.6
241,Funafropecor - Fundación Afrodescendiente Profesional de Córdoba,NA,NA,NA,NA,NA,0,1,NA,NA,1900-01-00 00:42:44.5,1900-01-00 00:50:27.5
205,MIA - Movimiento Indígena Ambiental,NA,NA,NA,NA,NA,0,1,NA,NA,1900-01-00 00:01:11.6,1900-01-00 00:52:27.8
239,Organización Social de Comunidades Negras 'Nelson Mandela',NA,NA,NA,NA,NA,0,1,NA,NA,1900-01-00 00:24:09.1,1900-01-00 00:54:05.7
189,Raíces - Renovación Étnica de Colombia,NA,NA,NA,NA,NA,0,1,NA,NA,1900-01-00 00:35:27.4,1900-01-00 00:54:13.0
211,Unión con Fortaleza (Grupo significativo de ciudadanos),NA,"Necoclí, Antioquia",09/12/2016,http://www.unionconfortaleza.com/ESTATUTOS,"Necoclí, Antioquia",0,1,NA,NA,1900-01-00 00:36:13.0,1900-01-00 00:55:50.7
247,Coalición Colombia,NA,NA,NA,NA,NA,0,1,NA,NA,1900-01-00 00:57:01.9,1900-01-00 00:31:44.0
110,MIO - Movimiento de Inclusión y Oportunidades,"<p align=""left"">Proponemos como nueva alternativa pol&iacute;tica la construcci&oacute;n de un verdadero Estado Social, que supere el neoliberalismo y el excesivo intervencionismo, siendo promotores de un nuevo modelo de organizaci&oacute;n socioecon&oacute;mica. </p><p align=""left"">Impulsaremos la democracia social, como ampliaci&oacute;n y enriquecimiento de la democracia pol&iacute;tica, que busca las mismas oportunidades de progreso y ascenso para todos los individuos y la disminuci&oacute;n de las desigualdades sociales.</p><p align=""left"">Fomentaremos en el servidor p&uacute;blico una actitud y conducta de compromiso integral en la construcci&oacute;n de una sociedad que enfrente y supere la crisis econ&oacute;mica, social y pol&iacute;tica, fortaleciendo los valores democr&aacute;ticos y la dignificaci&oacute;n de la funci&oacute;n p&uacute;blica. <br />Buscaremos mecanismos que aseguren el derecho a la vida y el respeto a los derechos y libertades individuales, promoviendo una acci&oacute;n profunda y de conjunto de todas las fuerzas pol&iacute;ticas, para defender una democracia real que simult&aacute;neamente modernice las instituciones pol&iacute;ticas, econ&oacute;micas y sociales.</p><p align=""left"">Apoyaremos los procesos de fortalecimiento de las identidades &eacute;tnicas y culturales; con la formulaci&oacute;n de programas y proyectos Locales, rurales y urbanos, como sentido de pertenencia en la construcci&oacute;n de la identidad nacional.</p><p align=""left"">Lucharemos porque el Estado tome las medidas para preservar y recuperar el medio ambiente, ejerciendo el control a la explotaci&oacute;n de los recursos naturales y proporcionando planes de acci&oacute;n en un contexto de desarrollo integral sostenible.<br /></p>",Cali,03/05/2011,http://bit.ly/pWtJZI,Cali,0,1,NA,NA,1900-01-00 00:19:23.7,1900-01-00 00:36:23.0
43,Moral - Movimiento Renovador de Acción Social,NA,NA,NA,NA,NA,0,1,NA,NA,1900-01-00 00:19:23.4,1900-01-00 00:37:41.9
232,Consejo Comunitario Ancestral de Comunidades Negras Playa Renaciente,NA,NA,NA,NA,NA,1,1,NA,NA,1900-01-00 00:17:36.3,1900-01-00 00:17:36.3
238,Consejo Comunitario La Mamuncia,NA,NA,NA,NA,NA,1,1,NA,NA,1900-01-00 00:16:53.5,1900-01-00 00:16:53.5
234,Acaba - Consejo Comunitario General del Río Baudó y sus Afluentes,NA,NA,NA,NA,NA,0,1,NA,NA,1900-01-00 00:47:21.0,1900-01-00 00:42:44.9
230,Afrosanpedro - Asociación Afrocolombiana de Asentamiento Ancestral San Pedro,NA,NA,NA,NA,NA,0,1,NA,NA,1900-01-00 00:00:44.3,1900-01-00 00:43:11.7
220,Asafroscol 4- Asociación de Af. Sin Ánimo de Lucro S. Cristóbal Sur,NA,NA,NA,NA,NA,0,1,NA,NA,1900-01-00 00:28:42.9,1900-01-00 00:44:24.5
221,Asociación Colombia Negra Huellas de Africanía en Paz,NA,NA,NA,NA,NA,0,1,NA,NA,1900-01-00 00:32:59.3,1900-01-00 00:44:42.4
215,Cenafro - Asociación Centro de Auto Reconocimiento Afrocolombiano,NA,NA,NA,NA,NA,0,1,NA,NA,1900-01-00 00:28:59.5,1900-01-00 00:45:29.3
214,Consejo Comunitario Bocas del Atrato y Leoncito,NA,NA,NA,NA,NA,0,1,NA,NA,1900-01-00 00:21:52.2,1900-01-00 00:46:25.9
223,Consejo Comunitario de Alejandro Durán Díaz,NA,NA,NA,NA,NA,0,1,NA,NA,1900-01-00 00:51:00.4,1900-01-00 00:46:29.7
233,Consejo Comunitario de la Comunidad Negra de la Plata Bahía Málaga,NA,NA,NA,NA,NA,0,1,NA,NA,1900-01-00 00:38:57.0,1900-01-00 00:46:37.2
217,Consejo Comunitario de la Comunidad Negra de Limones,NA,NA,NA,NA,NA,0,1,NA,NA,1900-01-00 00:40:17.8,1900-01-00 00:46:41.2
219,Consejo Comunitario Ma Kankamaná de San Basilio de Palenque,NA,NA,NA,NA,NA,0,1,NA,NA,1900-01-00 00:53:47.3,1900-01-00 00:48:00.0
213,Consejo Comunitario Mayor de Cértegui,NA,NA,NA,NA,NA,0,1,NA,NA,1900-01-00 00:47:20.8,1900-01-00 00:48:03.4
225,Consejo Comunitario Renacer Negro,NA,NA,NA,NA,NA,0,1,NA,NA,1900-01-00 00:14:31.5,1900-01-00 00:48:06.7
235,Consejo Comunitario Tablón Salado,NA,NA,NA,NA,NA,0,1,NA,NA,1900-01-00 00:07:21.8,1900-01-00 00:48:10.3
146,Alianza Verde,NA,Bogotá,02/10/2009,http://alianzaverde.org.co/pagina/index.php/nosotros/estatutos,Bogotá,1,1,NA,NA,1900-01-00 00:31:13.8,1900-01-00 00:09:57.9
10,MIRA,1. Vocaci&oacute;n social (trabajo social continuo) . 2. Presencia nacional e internacional. 3. Por fuera de esquemas ideol&oacute;gicos predeterminados. 4. Preservaci&oacute;n de la familia. -Combatir la Violencia Intrafamiliar (As&iacute; se genera la paz y se promueve el desarrollo econ&oacute;mico). -Erradicar el Flagelo del Abuso Sexual Infantil.,Bogotá Distrito Capital,26/07/2000,https://partidomira.com/categoria/c490-estatutos-y-resoluciones/,Bogotá Distrito Capital,1,1,NA,NA,1900-01-00 00:17:54.0,1900-01-00 00:11:22.9
11,ASI - Alianza Social Independiente,"Propendemos por principios tales como: - Libertad, Democracia y Organizaci&oacute;n Social. - Defensa de un mundo Multi&eacute;tnico, Pluricultural y Tolerante. - La Paz y el Respeto a los Derechos Civiles, Pol&iacute;ticos y econ&oacute;micos. - Por un Medio Ambiente sano y defensa e la Ecolog&iacute;a y los Recursos Naturales. - La estabilidad y el orden social e Institucional mediante la participaci&oacute;n organizada de la sociedad y su acceso al poder. - La naturaleza est&aacute; al servicio del hombre en la medida que el hombre est&eacute; al servicio de la naturaleza. - El desarrollo de la econom&iacute;a es v&aacute;lido mientras no atente contra el equilibrio natural y la dignidad del hombre. - Rechazamos el autoritarismo como forma de gobierno y propendemos por una pedagog&iacute;a que rescate al ser humano para la solidaridad, la paz y la educaci&oacute;n.","Chaparral, Tolima",01/06/1991,http://bit.ly/zR0BBg,"Chaparral, Tolima",0,1,NA,NA,1900-01-00 00:17:54.0,1900-01-00 00:44:29.0
250,BLOQUE PACÍFICO | ALIANZA IRI - RAP PACÍFICO,NA,NA,18/01/2017,https://bit.ly/3bP0wL3,NA,1,1,NA,NA,1900-01-00 00:43:06.5,1900-01-00 00:28:32.3
139,Bancada Afrocolombiana,NA,"Bogotá, Colombia",16/03/2006,NA,"Bogotá, Colombia",1,1,NA,NA,1900-01-00 00:25:26.0,1900-01-00 00:29:32.8
